{"cameraMode":{"drawMode":0,"name":"Shaded","section":"Shading Mode"},"sceneLighting":true,"audioPlay":false,"sceneViewState":{"m_AlwaysRefresh":false,"showFog":true,"showSkybox":true,"showFlares":true,"showImageEffects":true,"showParticleSystems":true,"showVisualEffectGraphs":true,"m_FxEnabled":true},"in2DMode":false,"pivot":{"x":5.390267848968506,"y":-11.430322647094727,"z":16.649423599243165},"rotation":{"x":-0.34312817454338076,"y":-0.1823304295539856,"z":0.06809806078672409,"w":-0.9190614819526672},"size":17.768695831298829,"orthographic":false}