{"cameraMode":{"drawMode":0,"name":"Shaded","section":"Shading Mode"},"sceneLighting":true,"audioPlay":false,"sceneViewState":{"m_AlwaysRefresh":false,"showFog":true,"showSkybox":true,"showFlares":true,"showImageEffects":true,"showParticleSystems":true,"showVisualEffectGraphs":true,"m_FxEnabled":true},"in2DMode":false,"pivot":{"x":9.477766990661621,"y":4.447689056396484,"z":6.55702018737793},"rotation":{"x":0.041393399238586429,"y":0.28863483667373659,"z":-0.012420331127941609,"w":0.956593930721283},"size":12.254273414611817,"orthographic":false}